QC Batch ID,QC Type,QC No.,Test,Parameter,Result,Units,Mark,Analyst,Analysis Date,ParamAnalysisDate,ParamAnalyst,D.F.,Volume,%Rec,ACP %Rec,%RPD,ACP %RPD,Spike Amnt.,Spike Units,Status,Entered By,Entered Date,"ValidatedBy",Validated Date,"ApprovedBy",Approved Date,Permission,Measured Result,Method Volume,"PercentMoisture",Extract Volume,Method Ext. Volume,Method,Matrix,Report,Qual.,Instrument,Comment
QC2023031301,4 pH,1,pH,pH,3.99,SU,Unchecked,shavens,03/13/2023 00:00,,,1,,99.75,,,,4,SU,Pending Validation,shavens,03/16/2023 14:23,,,,,Approve,,,0,,,ELA-MT100,Lake Water,Checked,,MANTECH MT-100,
QC2023031301,6 pH,1,pH,pH,6.01,SU,Unchecked,shavens,03/13/2023 00:00,,,1,,100.17,,,,6,SU,Pending Validation,shavens,03/16/2023 14:23,,,,,Approve,,,0,,,ELA-MT100,Lake Water,Checked,,MANTECH MT-100,
QC2023031301,8 pH,1,pH,pH,8.02,SU,Unchecked,shavens,03/13/2023 00:00,,,1,,100.25,,,,8,SU,Pending Validation,shavens,03/16/2023 14:23,,,,,Approve,,,0,,,ELA-MT100,Lake Water,Checked,,MANTECH MT-100,
QC2023031301,Instrument Duplicate,1,pH,pH,6.79,SU,Unchecked,shavens,03/13/2023 00:00,,,1,,,,0.00,-31.21-34.04,0,,Pending Validation,shavens,03/16/2023 14:23,,,,,Approve,,,0,,,ELA-MT100,Lake Water,Checked,,MANTECH MT-100,
QC2023031301,Instrument Duplicate,2,pH,pH,5.97,SU,Unchecked,shavens,03/13/2023 00:00,,,1,,,,0.17,-31.21-34.04,0,,Pending Validation,shavens,03/16/2023 14:23,,,,,Approve,,,0,,,ELA-MT100,Lake Water,Checked,,MANTECH MT-100,
QC2023031301,Ref Sample,1,pH,pH,6.96,SU,Unchecked,shavens,03/13/2023 00:00,,,1,,,,,,,SU,Pending Validation,shavens,03/16/2023 14:23,,,,,Approve,,,0,,,ELA-MT100,Lake Water,Checked,,MANTECH MT-100,
QC2023031401,4 pH,1,pH,pH,3.98,SU,Unchecked,shavens,03/14/2023 00:00,,,1,,99.50,,,,4,SU,Pending Validation,shavens,03/16/2023 14:18,,,,,Approve,,,0,,,ELA-MT100,Lake Water,Checked,,MANTECH MT-100,
QC2023031401,6 pH,1,pH,pH,6.03,SU,Unchecked,shavens,03/14/2023 00:00,,,1,,100.50,,,,6,SU,Pending Validation,shavens,03/16/2023 14:18,,,,,Approve,,,0,,,ELA-MT100,Lake Water,Checked,,MANTECH MT-100,
QC2023031401,8 pH,1,pH,pH,7.98,SU,Unchecked,shavens,03/14/2023 00:00,,,1,,99.75,,,,8,SU,Pending Validation,shavens,03/16/2023 14:18,,,,,Approve,,,0,,,ELA-MT100,Lake Water,Checked,,MANTECH MT-100,
QC2023031401,Instrument Duplicate,1,pH,pH,6.24,SU,Unchecked,shavens,03/14/2023 00:00,,,1,,,,3.15,-31.21-34.04,0,,Pending Validation,shavens,03/16/2023 14:18,,,,,Approve,,,0,,,ELA-MT100,Lake Water,Checked,,MANTECH MT-100,
QC2023031401,Ref Sample,1,pH,pH,6.53,SU,Unchecked,shavens,03/14/2023 00:00,,,1,,,,,,,SU,Pending Validation,shavens,03/16/2023 14:18,,,,,Approve,,,0,,,ELA-MT100,Lake Water,Checked,,MANTECH MT-100,
QC2023031501,4 pH,1,pH,pH,3.97,SU,Unchecked,shavens,03/15/2023 00:00,,,1,,99.25,,,,4,SU,Pending Validation,shavens,03/16/2023 14:27,,,,,Approve,,,0,,,ELA-MT100,Lake Water,Checked,,MANTECH MT-100,
QC2023031501,6 pH,1,pH,pH,5.96,SU,Unchecked,shavens,03/15/2023 00:00,,,1,,99.33,,,,6,SU,Pending Validation,shavens,03/16/2023 14:27,,,,,Approve,,,0,,,ELA-MT100,Lake Water,Checked,,MANTECH MT-100,
QC2023031501,8 pH,1,pH,pH,8.02,SU,Unchecked,shavens,03/15/2023 00:00,,,1,,100.25,,,,8,SU,Pending Validation,shavens,03/16/2023 14:27,,,,,Approve,,,0,,,ELA-MT100,Lake Water,Checked,,MANTECH MT-100,
QC2023031501,Instrument Duplicate,1,pH,pH,6.15,SU,Unchecked,shavens,03/15/2023 00:00,,,1,,,,0.33,-31.21-34.04,0,,Pending Validation,shavens,03/16/2023 14:27,,,,,Approve,,,0,,,ELA-MT100,Lake Water,Checked,,MANTECH MT-100,
QC2023031501,Ref Sample,1,pH,pH,6.44,SU,Unchecked,shavens,03/15/2023 00:00,,,1,,,,,,,SU,Pending Validation,shavens,03/16/2023 14:27,,,,,Approve,,,0,,,ELA-MT100,Lake Water,Checked,,MANTECH MT-100,
QC2023051002,10 pH,1,pH,pH,10.016,SU,Unchecked,jthoroski,05/04/2023 00:00,,,1,,100.16,,,,10,SU,Pending Validation,jthoroski,05/10/2023 10:38,,,,,Approve,,,0,,,ELA-MT100,Lake Water,Checked,,MANTECH MT-100,
QC2023051002,4 pH,1,pH,pH,4.001,SU,Unchecked,jthoroski,05/04/2023 00:00,,,1,,100.03,,,,4,SU,Pending Validation,jthoroski,05/10/2023 10:38,,,,,Approve,,,0,,,ELA-MT100,Lake Water,Checked,,MANTECH MT-100,
QC2023051002,6 pH,1,pH,pH,5.993,SU,Unchecked,jthoroski,05/04/2023 00:00,,,1,,99.88,,,,6,SU,Pending Validation,jthoroski,05/10/2023 10:38,,,,,Approve,,,0,,,ELA-MT100,Lake Water,Checked,,MANTECH MT-100,
QC2023051002,7 pH,1,pH,pH,6.990,SU,Unchecked,jthoroski,05/04/2023 00:00,,,1,,99.86,,,,7,SU,Pending Validation,jthoroski,05/10/2023 10:38,,,,,Approve,,,0,,,ELA-MT100,Lake Water,Checked,,MANTECH MT-100,
QC2023051002,8 pH,1,pH,pH,7.975,SU,Unchecked,jthoroski,05/04/2023 00:00,,,1,,99.69,,,,8,SU,Pending Validation,jthoroski,05/10/2023 10:38,,,,,Approve,,,0,,,ELA-MT100,Lake Water,Checked,,MANTECH MT-100,
QC2023051002,Instrument Duplicate,1,pH,pH,5.069,SU,Unchecked,jthoroski,05/04/2023 00:00,,,1,,,,1.35,-31.21-34.04,0,,Pending Validation,jthoroski,05/10/2023 10:38,,,,,Approve,,,0,,,ELA-MT100,Lake Water,Checked,,MANTECH MT-100,
QC2023051002,Ref Sample,1,pH,pH,6.359,SU,Unchecked,jthoroski,05/04/2023 00:00,,,1,,,,,,,SU,Pending Validation,jthoroski,05/10/2023 10:38,,,,,Approve,,,0,,,ELA-MT100,Lake Water,Checked,,MANTECH MT-100,
QC2023051009,4 pH,1,pH,pH,4.021,SU,Unchecked,jthoroski,05/09/2023 00:00,,,1,,100.53,,,,4,SU,Pending Validation,jthoroski,05/10/2023 11:30,,,,,Approve,,,0,,,ELA-MT100,Lake Water,Checked,,Fisher Scientific Accumet pH meter,
QC2023051009,6 pH,1,pH,pH,6.021,SU,Unchecked,jthoroski,05/09/2023 00:00,,,1,,100.35,,,,6,SU,Pending Validation,jthoroski,05/10/2023 11:30,,,,,Approve,,,0,,,ELA-MT100,Lake Water,Checked,,Fisher Scientific Accumet pH meter,
QC2023051009,8 pH,1,pH,pH,8.015,SU,Unchecked,jthoroski,05/09/2023 00:00,,,1,,100.19,,,,8,SU,Pending Validation,jthoroski,05/10/2023 11:30,,,,,Approve,,,0,,,ELA-MT100,Lake Water,Checked,,Fisher Scientific Accumet pH meter,
QC2023051009,Instrument Duplicate,1,pH,pH,6.028,SU,Unchecked,jthoroski,05/09/2023 00:00,,,1,,,,0.27,-31.21-34.04,0,,Pending Validation,jthoroski,05/10/2023 11:30,,,,,Approve,,,0,,,ELA-MT100,Lake Water,Checked,,Fisher Scientific Accumet pH meter,
QC2023051009,Ref Sample,1,pH,pH,6.743,SU,Unchecked,jthoroski,05/09/2023 00:00,,,1,,,,,,,SU,Pending Validation,jthoroski,05/10/2023 11:30,,,,,Approve,,,0,,,ELA-MT100,Lake Water,Checked,,Fisher Scientific Accumet pH meter,
QC2023051501,Instrument Duplicate,1,pH,pH,6.78,SU,Unchecked,shavens,05/15/2023 00:00,,,1,,,,,-31.21-34.04,0,,Pending Validation,shavens,05/16/2023 11:33,,,,,Approve,,,0,,,ELA-MT100,Lake Water,Checked,,Fisher Scientific Accumet pH meter,
QC2023051501,Instrument Duplicate,2,pH,pH,6.63,SU,Unchecked,shavens,05/15/2023 00:00,,,1,,,,,-31.21-34.04,0,,Pending Validation,shavens,05/16/2023 11:33,,,,,Approve,,,0,,,ELA-MT100,Lake Water,Checked,,Fisher Scientific Accumet pH meter,
QC2023051501,Ref Sample,1,pH,pH,6.67,SU,Unchecked,shavens,05/15/2023 00:00,,,1,,,,,,,SU,Pending Validation,shavens,05/16/2023 11:33,,,,,Approve,,,0,,,ELA-MT100,Lake Water,Checked,,Fisher Scientific Accumet pH meter,
QC2023051601,Instrument Duplicate,1,pH,pH,6.404,SU,Unchecked,jthoroski,05/08/2023 00:00,,,1,,,,,-31.21-34.04,0,,Pending Validation,jthoroski,05/16/2023 09:11,,,,,Approve,,,0,,,ELA-pH,Lake Water,Checked,,Fisher Scientific Accumet pH meter,
QC2023051601,Instrument Duplicate,2,pH,pH,6.867,SU,Unchecked,jthoroski,05/08/2023 00:00,,,1,,,,0.25,-31.21-34.04,0,,Pending Validation,jthoroski,05/16/2023 09:11,,,,,Approve,,,0,,,ELA-pH,Lake Water,Checked,,Fisher Scientific Accumet pH meter,
QC2023051601,Ref Sample,1,pH,pH,6.765,SU,Unchecked,jthoroski,05/08/2023 00:00,,,1,,,95-105,,,,SU,Pending Validation,jthoroski,05/16/2023 09:11,,,,,Approve,,,0,,,ELA-pH,Lake Water,Checked,,Fisher Scientific Accumet pH meter,
QC2023051802,Instrument Duplicate,1,pH,pH,6.717,SU,Unchecked,jthoroski,05/17/2023 00:00,,,1,,,,0.01,-31.21-34.04,0,,Pending Validation,jthoroski,05/18/2023 11:00,,,,,Approve,,,0,,,ELA-pH,Lake Water,Checked,,Fisher Scientific Accumet pH meter,
QC2023051802,Ref Sample,1,pH,pH,6.750,SU,Unchecked,jthoroski,05/17/2023 00:00,,,1,,,95-105,,,,SU,Pending Validation,jthoroski,05/18/2023 11:00,,,,,Approve,,,0,,,ELA-pH,Lake Water,Checked,,Fisher Scientific Accumet pH meter,
QC2023051803,Instrument Duplicate,1,pH,pH,6.490,SU,Unchecked,jthoroski,05/16/2023 00:00,,,1,,,,0.19,-31.21-34.04,0,,Pending Validation,jthoroski,06/01/2023 08:59,,,,,Approve,,,0,,,ELA-pH,Lake Water,Checked,,Fisher Scientific Accumet pH meter,
QC2023051803,Ref Sample,1,pH,pH,6.715,SU,Unchecked,jthoroski,05/16/2023 00:00,,,1,,,95-105,,,,SU,Pending Validation,jthoroski,06/01/2023 08:59,,,,,Approve,,,0,,,ELA-pH,Lake Water,Checked,,Fisher Scientific Accumet pH meter,
QC2023052405,Instrument Duplicate,1,pH,pH,6.034,SU,Unchecked,jthoroski,05/24/2023 00:00,,,1,,,,0.05,-31.21-34.04,0,,Pending Validation,jthoroski,06/01/2023 10:00,,,,,Approve,,,0,,,ELA-pH,Lake Water,Checked,,Fisher Scientific Accumet pH meter,
QC2023052405,Ref Sample,1,pH,pH,6.765,SU,Unchecked,jthoroski,05/24/2023 00:00,,,1,,,95-105,,,,SU,Pending Validation,jthoroski,06/01/2023 10:00,,,,,Approve,,,0,,,ELA-pH,Lake Water,Checked,,Fisher Scientific Accumet pH meter,
QC2023052901,Instrument Duplicate,1,pH,pH,7.013,SU,Unchecked,jthoroski,05/29/2023 00:00,,,1,,,,0.11,-31.21-34.04,0,,Pending Validation,jthoroski,06/01/2023 10:03,,,,,Approve,,,0,,,ELA-pH,Lake Water,Checked,,Fisher Scientific Accumet pH meter,
QC2023052901,Ref Sample,1,pH,pH,6.800,SU,Unchecked,jthoroski,05/29/2023 00:00,,,1,,,95-105,,,,SU,Pending Validation,jthoroski,06/01/2023 10:03,,,,,Approve,,,0,,,ELA-pH,Lake Water,Checked,,Fisher Scientific Accumet pH meter,
QC2023053001,Instrument Duplicate,1,pH,pH,6.668,SU,Unchecked,jthoroski,05/30/2023 00:00,,,1,,,,0.06,-31.21-34.04,0,,Pending Validation,jthoroski,06/01/2023 10:06,,,,,Approve,,,0,,,ELA-pH,Lake Water,Checked,,Fisher Scientific Accumet pH meter,
QC2023053001,Ref Sample,1,pH,pH,6.849,SU,Unchecked,jthoroski,05/30/2023 00:00,,,1,,,95-105,,,,SU,Pending Validation,jthoroski,06/01/2023 10:06,,,,,Approve,,,0,,,ELA-pH,Lake Water,Checked,,Fisher Scientific Accumet pH meter,
QC2023060101,Instrument Duplicate,1,pH,pH,6.998,SU,Unchecked,jthoroski,05/23/2023 00:00,,,1,,,,0.14,-31.21-34.04,0,,Pending Validation,jthoroski,06/01/2023 09:54,,,,,Approve,,,0,,,ELA-pH,Lake Water,Checked,,Fisher Scientific Accumet pH meter,
QC2023060101,Ref Sample,1,pH,pH,6.758,SU,Unchecked,jthoroski,05/23/2023 00:00,,,1,,,95-105,,,,SU,Pending Validation,jthoroski,06/01/2023 09:54,,,,,Approve,,,0,,,ELA-pH,Lake Water,Checked,,Fisher Scientific Accumet pH meter,
QC2023060102,Instrument Duplicate,1,pH,pH,6.451,SU,Unchecked,jthoroski,05/31/2023 00:00,,,1,,,,0.23,-31.21-34.04,0,,Pending Validation,jthoroski,06/01/2023 10:27,,,,,Approve,,,0,,,ELA-pH,Lake Water,Checked,,Fisher Scientific Accumet pH meter,
QC2023060102,Ref Sample,1,pH,pH,6.795,SU,Unchecked,jthoroski,05/31/2023 00:00,,,1,,,95-105,,,,SU,Pending Validation,jthoroski,06/01/2023 10:27,,,,,Approve,,,0,,,ELA-pH,Lake Water,Checked,,Fisher Scientific Accumet pH meter,
QC2023061301,Instrument Duplicate,1,pH,pH,6.72,SU,Unchecked,jthoroski,06/13/2023 00:00,,,1,,,,0.15,-31.21-34.04,0,,Pending Validation,jthoroski,07/04/2023 08:50,,,,,Approve,,,0,,,ELA-pH,Lake Water,Checked,,Fisher Scientific Accumet pH meter,
QC2023061301,Ref Sample,1,pH,pH,6.67,SU,Unchecked,jthoroski,06/13/2023 00:00,,,1,,,95-105,,,,SU,Pending Validation,jthoroski,07/04/2023 08:50,,,,,Approve,,,0,,,ELA-pH,Lake Water,Checked,,Fisher Scientific Accumet pH meter,
QC2023062003,Instrument Duplicate,1,pH,pH,7.17,SU,Unchecked,jthoroski,06/20/2023 00:00,,,1,,,,0.00,-31.21-34.04,0,,Pending Validation,jthoroski,07/04/2023 09:18,,,,,Approve,,,0,,,ELA-pH,Lake Water,Checked,,Fisher Scientific Accumet pH meter,
QC2023062003,Ref Sample,1,pH,pH,6.72,SU,Unchecked,jthoroski,06/20/2023 00:00,,,1,,,95-105,,,,SU,Pending Validation,jthoroski,07/04/2023 09:18,,,,,Approve,,,0,,,ELA-pH,Lake Water,Checked,,Fisher Scientific Accumet pH meter,
QC2023062107,Instrument Duplicate,1,pH,pH,6.78,SU,Unchecked,jthoroski,06/21/2023 00:00,,,1,,,,0.15,-31.21-34.04,0,,Pending Validation,jthoroski,07/04/2023 09:05,,,,,Approve,,,0,,,ELA-pH,Lake Water,Checked,,Fisher Scientific Accumet pH meter,
QC2023062107,Ref Sample,1,pH,pH,6.72,SU,Unchecked,jthoroski,06/21/2023 00:00,,,1,,,95-105,,,,SU,Pending Validation,jthoroski,07/04/2023 09:05,,,,,Approve,,,0,,,ELA-pH,Lake Water,Checked,,Fisher Scientific Accumet pH meter,
QC2023062601,Instrument Duplicate,1,pH,pH,7.17,SU,Unchecked,jthoroski,06/19/2023 00:00,,,1,,,,0.14,-31.21-34.04,0,,Pending Validation,jthoroski,07/04/2023 09:00,,,,,Approve,,,0,,,ELA-pH,Lake Water,Checked,,Fisher Scientific Accumet pH meter,
QC2023062601,Ref Sample,1,pH,pH,6.66,SU,Unchecked,jthoroski,06/19/2023 00:00,,,1,,,95-105,,,,SU,Pending Validation,jthoroski,07/04/2023 09:00,,,,,Approve,,,0,,,ELA-pH,Lake Water,Checked,,Fisher Scientific Accumet pH meter,
QC2023062602,Instrument Duplicate,1,pH,pH,7.26,SU,Unchecked,jthoroski,06/26/2023 00:00,,,1,,,,0.28,-31.21-34.04,0,,Pending Validation,jthoroski,07/04/2023 09:25,,,,,Approve,,,0,,,ELA-pH,Lake Water,Checked,,Fisher Scientific Accumet pH meter,
QC2023062602,Ref Sample,1,pH,pH,6.66,SU,Unchecked,jthoroski,06/26/2023 00:00,,,1,,,95-105,,,,SU,Pending Validation,jthoroski,07/04/2023 09:25,,,,,Approve,,,0,,,ELA-pH,Lake Water,Checked,,Fisher Scientific Accumet pH meter,
QC2023062701,Instrument Duplicate,1,pH,pH,6.61,SU,Unchecked,jthoroski,06/27/2023 00:00,,,1,,,,0.30,,0,,Pending Validation,jthoroski,07/04/2023 09:29,,,,,Approve,,,0,,,ELA-pH,Lake Water,Checked,,MANTECH MT-100,
QC2023062701,Ref Sample,1,pH,pH,6.67,SU,Unchecked,jthoroski,06/27/2023 00:00,,,1,,,,,,,SU,Pending Validation,jthoroski,07/04/2023 09:29,,,,,Approve,,,0,,,ELA-pH,Lake Water,Checked,,MANTECH MT-100,
QC2023062801,Instrument Duplicate,1,pH,pH,6.66,SU,Unchecked,jthoroski,06/28/2023 00:00,,,1,,,,0.15,-31.21-34.04,0,,Pending Validation,jthoroski,07/04/2023 09:34,,,,,Approve,,,0,,,ELA-pH,Lake Water,Checked,,Fisher Scientific Accumet pH meter,
QC2023062801,Ref Sample,1,pH,pH,6.81,SU,Unchecked,jthoroski,06/28/2023 00:00,,,1,,,95-105,,,,SU,Pending Validation,jthoroski,07/04/2023 09:34,,,,,Approve,,,0,,,ELA-pH,Lake Water,Checked,,Fisher Scientific Accumet pH meter,
QC2023070401,Instrument Duplicate,1,pH,pH,7.38,SU,Unchecked,jthoroski,07/04/2023 00:00,,,1,,,,0.27,-31.21-34.04,0,,Pending Validation,jthoroski,07/11/2023 14:10,,,,,Approve,,,0,,,ELA-pH,Lake Water,Checked,,Fisher Scientific Accumet pH meter,
QC2023070401,Ref Sample,1,pH,pH,6.71,SU,Unchecked,jthoroski,07/04/2023 00:00,,,1,,,95-105,,,,SU,Pending Validation,jthoroski,07/11/2023 14:10,,,,,Approve,,,0,,,ELA-pH,Lake Water,Checked,,Fisher Scientific Accumet pH meter,
QC2023070501,Instrument Duplicate,1,pH,pH,6.27,SU,Unchecked,jthoroski,07/05/2023 00:00,,,1,,,,0.32,-31.21-34.04,0,,Pending Validation,jthoroski,07/11/2023 13:41,,,,,Approve,,,0,,,ELA-pH,Lake Water,Checked,,Fisher Scientific Accumet pH meter,
QC2023070501,Ref Sample,1,pH,pH,6.70,SU,Unchecked,jthoroski,07/05/2023 00:00,,,1,,,95-105,,,,SU,Pending Validation,jthoroski,07/11/2023 13:41,,,,,Approve,,,0,,,ELA-pH,Lake Water,Checked,,Fisher Scientific Accumet pH meter,
QC2023071101,Instrument Duplicate,1,pH,pH,7.31,SU,Unchecked,jthoroski,07/10/2023 00:00,,,1,,,,0.00,-31.21-34.04,0,,Pending Validation,jthoroski,07/11/2023 12:31,,,,,Approve,,,0,,,ELA-pH,Lake Water,Checked,,Fisher Scientific Accumet pH meter,
QC2023071101,Ref Sample,1,pH,pH,6.70,SU,Unchecked,jthoroski,07/10/2023 00:00,,,1,,,95-105,,,,SU,Pending Validation,jthoroski,07/11/2023 12:31,,,,,Approve,,,0,,,ELA-pH,Lake Water,Checked,,Fisher Scientific Accumet pH meter,
QC2023071102,Instrument Duplicate,1,pH,pH,6.20,SU,Unchecked,jthoroski,07/11/2023 00:00,,,1,,,,0.16,-31.21-34.04,0,,Pending Validation,jthoroski,07/12/2023 11:37,,,,,Approve,,,0,,,ELA-pH,Lake Water,Checked,,Fisher Scientific Accumet pH meter,
QC2023071102,Ref Sample,1,pH,pH,6.73,SU,Unchecked,jthoroski,07/11/2023 00:00,,,1,,,95-105,,,,SU,Pending Validation,jthoroski,07/12/2023 11:37,,,,,Approve,,,0,,,ELA-pH,Lake Water,Checked,,Fisher Scientific Accumet pH meter,
QC2023071701,Instrument Duplicate,1,pH,pH,7.186,SU,Unchecked,jthoroski,07/17/2023 00:00,,,1,,,,0.35,-31.21-34.04,0,,Pending Validation,jthoroski,08/16/2023 11:48,,,,,Approve,,,0,,,ELA-pH,Lake Water,Checked,,Fisher Scientific Accumet pH meter,
QC2023071701,Ref Sample,1,pH,pH,6.717,SU,Unchecked,jthoroski,07/17/2023 00:00,,,1,,,95-105,,,,SU,Pending Validation,jthoroski,08/16/2023 11:48,,,,,Approve,,,0,,,ELA-pH,Lake Water,Checked,,Fisher Scientific Accumet pH meter,
QC2023071801,Instrument Duplicate,1,pH,pH,7.937,SU,Unchecked,jthoroski,07/17/2023 00:00,,,1,,,,2.65,-31.21-34.04,0,,Pending Validation,jthoroski,08/28/2023 10:53,,,,,Approve,,,0,,,ELA-pH,Lake Water,Checked,,Fisher Scientific Accumet pH meter,
QC2023071801,Ref Sample,1,pH,pH,6.734,SU,Unchecked,jthoroski,07/17/2023 00:00,,,1,,,95-105,,,,SU,Pending Validation,jthoroski,08/28/2023 10:53,,,,,Approve,,,0,,,ELA-pH,Lake Water,Checked,,Fisher Scientific Accumet pH meter,
QC2023071803,Instrument Duplicate,1,pH,pH,7.176,SU,Unchecked,jthoroski,07/18/2023 00:00,,,1,,,,0.03,-31.21-34.04,0,,Pending Validation,jthoroski,08/28/2023 10:55,,,,,Approve,,,0,,,ELA-pH,Lake Water,Checked,,Fisher Scientific Accumet pH meter,
QC2023071803,Ref Sample,1,pH,pH,6.742,SU,Unchecked,jthoroski,07/18/2023 00:00,,,1,,,95-105,,,,SU,Pending Validation,jthoroski,08/28/2023 10:55,,,,,Approve,,,0,,,ELA-pH,Lake Water,Checked,,Fisher Scientific Accumet pH meter,
QC2023071901,Instrument Duplicate,1,pH,pH,6.934,SU,Unchecked,jthoroski,07/19/2023 03:00,,,1,,,,0.07,-31.21-34.04,0,,Pending Validation,jthoroski,08/28/2023 11:06,,,,,Approve,,,0,,,ELA-pH,Lake Water,Checked,,Fisher Scientific Accumet pH meter,
QC2023071901,Ref Sample,1,pH,pH,6.760,SU,Unchecked,jthoroski,07/19/2023 00:00,,,1,,,95-105,,,,SU,Pending Validation,jthoroski,08/28/2023 11:06,,,,,Approve,,,0,,,ELA-pH,Lake Water,Checked,,Fisher Scientific Accumet pH meter,
QC2023072501,Instrument Duplicate,1,pH,pH,6.521,SU,Unchecked,jthoroski,07/25/2023 00:00,,,1,,,,0.03,-31.21-34.04,0,,Pending Validation,jthoroski,07/26/2023 10:44,,,,,Approve,,,0,,,ELA-pH,Lake Water,Checked,,Fisher Scientific Accumet pH meter,
QC2023072501,Ref Sample,1,pH,pH,6.590,SU,Unchecked,jthoroski,07/25/2023 00:00,,,1,,,95-105,,,,SU,Pending Validation,jthoroski,07/26/2023 10:44,,,,,Approve,,,0,,,ELA-pH,Lake Water,Checked,,Fisher Scientific Accumet pH meter,
QC2023072603,Instrument Duplicate,1,pH,pH,6.800,SU,Unchecked,jthoroski,07/26/2023 00:00,,,1,,,,0.03,-31.21-34.04,0,,Pending Validation,jthoroski,08/28/2023 11:12,,,,,Approve,,,0,,,ELA-pH,Lake Water,Checked,,Fisher Scientific Accumet pH meter,
QC2023072603,Ref Sample,1,pH,pH,6.636,SU,Unchecked,jthoroski,07/26/2023 00:00,,,1,,,95-105,,,,SU,Pending Validation,jthoroski,08/28/2023 11:12,,,,,Approve,,,0,,,ELA-pH,Lake Water,Checked,,Fisher Scientific Accumet pH meter,
QC2023072604,Instrument Duplicate,1,pH,pH,6.898,SU,Unchecked,jthoroski,07/26/2023 00:00,,,1,,,,0.14,-31.21-34.04,0,,Pending Validation,jthoroski,07/27/2023 10:40,,,,,Approve,,,0,,,ELA-pH,Lake Water,Checked,,Fisher Scientific Accumet pH meter,
QC2023072604,Ref Sample,1,pH,pH,6.670,SU,Unchecked,jthoroski,07/26/2023 00:00,,,1,,,95-105,,,,SU,Pending Validation,jthoroski,07/27/2023 10:40,,,,,Approve,,,0,,,ELA-pH,Lake Water,Checked,,Fisher Scientific Accumet pH meter,
QC2023073102,Instrument Duplicate,1,pH,pH,7.234,SU,Unchecked,jthoroski,07/31/2023 00:00,,,1,,,,0.04,-31.21-34.04,0,,Pending Validation,jthoroski,08/28/2023 11:31,,,,,Approve,,,0,,,ELA-pH,Lake Water,Checked,,Fisher Scientific Accumet pH meter,
QC2023073102,Ref Sample,1,pH,pH,6.658,SU,Unchecked,jthoroski,07/31/2023 00:00,,,1,,,95-105,,,,SU,Pending Validation,jthoroski,08/28/2023 11:31,,,,,Approve,,,0,,,ELA-pH,Lake Water,Checked,,Fisher Scientific Accumet pH meter,
QC2023073111,Instrument Duplicate,1,pH,pH,6.081,SU,Unchecked,jthoroski,07/31/2023 00:00,,,1,,,,0.12,-31.21-34.04,0,,Pending Validation,jthoroski,08/28/2023 11:34,,,,,Approve,,,0,,,ELA-pH,Lake Water,Checked,,Fisher Scientific Accumet pH meter,
QC2023073111,Ref Sample,1,pH,pH,6.667,SU,Unchecked,jthoroski,07/31/2023 00:00,,,1,,,95-105,,,,SU,Pending Validation,jthoroski,08/28/2023 11:34,,,,,Approve,,,0,,,ELA-pH,Lake Water,Checked,,Fisher Scientific Accumet pH meter,
QC2023080101,Instrument Duplicate,1,pH,pH,6.253,SU,Unchecked,jthoroski,08/01/2023 00:00,,,1,,,,0.19,-31.21-34.04,0,,Pending Validation,jthoroski,08/28/2023 11:40,,,,,Approve,,,0,,,ELA-pH,Lake Water,Checked,,Fisher Scientific Accumet pH meter,
QC2023080101,Ref Sample,1,pH,pH,6.717,SU,Unchecked,jthoroski,08/01/2023 00:00,,,1,,,95-105,,,,SU,Pending Validation,jthoroski,08/28/2023 11:40,,,,,Approve,,,0,,,ELA-pH,Lake Water,Checked,,Fisher Scientific Accumet pH meter,
QC2023080204,Instrument Duplicate,1,pH,pH,7.173,SU,Unchecked,jthoroski,08/02/2023 00:00,,,1,,,,0.38,-31.21-34.04,0,,Pending Validation,jthoroski,08/30/2023 10:51,,,,,Approve,,,0,,,ELA-pH,Lake Water,Checked,,Fisher Scientific Accumet pH meter,
QC2023080204,Ref Sample,1,pH,pH,6.739,SU,Unchecked,jthoroski,08/02/2023 00:00,,,1,,,95-105,,,,SU,Pending Validation,jthoroski,08/30/2023 10:51,,,,,Approve,,,0,,,ELA-pH,Lake Water,Checked,,Fisher Scientific Accumet pH meter,
QC2023080901,Instrument Duplicate,1,pH,pH,6.527,SU,Unchecked,jthoroski,08/09/2023 00:00,,,1,,,,0.11,-31.21-34.04,0,,Pending Validation,jthoroski,08/30/2023 11:35,,,,,Approve,,,0,,,ELA-pH,Lake Water,Checked,,Fisher Scientific Accumet pH meter,
QC2023080901,Ref Sample,1,pH,pH,6.674,SU,Unchecked,jthoroski,08/09/2023 00:00,,,1,,,95-105,,,,SU,Pending Validation,jthoroski,08/30/2023 11:35,,,,,Approve,,,0,,,ELA-pH,Lake Water,Checked,,Fisher Scientific Accumet pH meter,
QC2023080903,Instrument Duplicate,1,pH,pH,6.304,SU,Unchecked,jthoroski,08/09/2023 00:00,,,1,,,,0.27,-31.21-34.04,0,,Pending Validation,jthoroski,08/30/2023 11:37,,,,,Approve,,,0,,,ELA-pH,Lake Water,Checked,,Fisher Scientific Accumet pH meter,
QC2023080903,Ref Sample,1,pH,pH,6.681,SU,Unchecked,jthoroski,08/09/2023 00:00,,,1,,,95-105,,,,SU,Pending Validation,jthoroski,08/30/2023 11:37,,,,,Approve,,,0,,,ELA-pH,Lake Water,Checked,,Fisher Scientific Accumet pH meter,
QC2023081401,Instrument Duplicate,1,pH,pH,7.233,SU,Unchecked,jthoroski,08/14/2023 00:00,,,1,,,,0.07,-31.21-34.04,0,,Pending Validation,jthoroski,08/15/2023 09:33,,,,,Approve,,,0,,,ELA-pH,Lake Water,Checked,,Fisher Scientific Accumet pH meter,
QC2023081401,Ref Sample,1,pH,pH,6.675,SU,Unchecked,jthoroski,08/14/2023 00:00,,,1,,,95-105,,,,SU,Pending Validation,jthoroski,08/15/2023 09:33,,,,,Approve,,,0,,,ELA-pH,Lake Water,Checked,,Fisher Scientific Accumet pH meter,
QC2023081402,Instrument Duplicate,1,pH,pH,6.377,SU,Unchecked,jthoroski,08/14/2023 00:00,,,1,,,,0.19,-31.21-34.04,0,,Pending Validation,jthoroski,08/15/2023 09:37,,,,,Approve,,,0,,,ELA-pH,Lake Water,Checked,,Fisher Scientific Accumet pH meter,
QC2023081402,Ref Sample,1,pH,pH,6.677,SU,Unchecked,jthoroski,08/14/2023 00:00,,,1,,,95-105,,,,SU,Pending Validation,jthoroski,08/15/2023 09:37,,,,,Approve,,,0,,,ELA-pH,Lake Water,Checked,,Fisher Scientific Accumet pH meter,
QC2023081501,Instrument Duplicate,1,pH,pH,7.140,SU,Unchecked,jthoroski,08/15/2023 00:00,,,1,,,,0.44,-31.21-34.04,0,,Pending Validation,jthoroski,08/16/2023 09:16,,,,,Approve,,,0,,,ELA-pH,Lake Water,Checked,,Fisher Scientific Accumet pH meter,
QC2023081501,Ref Sample,1,pH,pH,6.583,SU,Unchecked,jthoroski,08/15/2023 00:00,,,1,,,95-105,,,,SU,Pending Validation,jthoroski,08/16/2023 09:16,,,,,Approve,,,0,,,ELA-pH,Lake Water,Checked,,Fisher Scientific Accumet pH meter,
QC2023081602,Instrument Duplicate,1,pH,pH,7.065,SU,Unchecked,jthoroski,08/16/2023 00:00,,,1,,,,0.10,-31.21-34.04,0,,Pending Validation,jthoroski,08/28/2023 10:11,,,,,Approve,,,0,,,ELA-pH,Lake Water,Checked,,Fisher Scientific Accumet pH meter,
QC2023081602,Ref Sample,1,pH,pH,6.617,SU,Unchecked,jthoroski,09/16/2023 00:00,,,1,,,95-105,,,,SU,Pending Validation,jthoroski,08/28/2023 10:11,,,,,Approve,,,0,,,ELA-pH,Lake Water,Checked,,Fisher Scientific Accumet pH meter,
QC2023082101,Instrument Duplicate,1,pH,pH,6.480,SU,Unchecked,jthoroski,08/21/2023 00:00,,,1,,,,0.05,-31.21-34.04,0,,Pending Validation,jthoroski,08/28/2023 10:08,,,,,Approve,,,0,,,ELA-pH,Lake Water,Checked,,Fisher Scientific Accumet pH meter,
QC2023082101,Ref Sample,1,pH,pH,6.608,SU,Unchecked,jthoroski,08/21/2023 00:00,,,1,,,95-105,,,,SU,Pending Validation,jthoroski,08/28/2023 10:08,,,,,Approve,,,0,,,ELA-pH,Lake Water,Checked,,Fisher Scientific Accumet pH meter,
QC2023082202,Instrument Duplicate,1,pH,pH,6.492,SU,Unchecked,jthoroski,08/22/2023 00:00,,,1,,,,0.49,-31.21-34.04,0,,Pending Validation,jthoroski,08/28/2023 10:04,,,,,Approve,,,0,,,ELA-pH,Lake Water,Checked,,Fisher Scientific Accumet pH meter,
QC2023082202,Ref Sample,1,pH,pH,6.622,SU,Unchecked,jthoroski,08/22/2023 00:00,,,1,,,95-105,,,,SU,Pending Validation,jthoroski,08/28/2023 10:04,,,,,Approve,,,0,,,ELA-pH,Lake Water,Checked,,Fisher Scientific Accumet pH meter,
QC2023082802,Instrument Duplicate,1,pH,pH,6.395,SU,Unchecked,jthoroski,08/28/2023 00:00,,,1,,,,0.67,-31.21-34.04,0,,Pending Validation,jthoroski,08/29/2023 10:49,,,,,Approve,,,0,,,ELA-pH,Lake Water,Checked,,Fisher Scientific Accumet pH meter,
QC2023082802,Ref Sample,1,pH,pH,6.664,SU,Unchecked,jthoroski,08/28/2023 00:00,,,1,,,95-105,,,,SU,Pending Validation,jthoroski,08/29/2023 10:49,,,,,Approve,,,0,,,ELA-pH,Lake Water,Checked,,Fisher Scientific Accumet pH meter,
QC2023082901,Instrument Duplicate,1,pH,pH,6.196,SU,Unchecked,jthoroski,08/29/2023 00:00,,,1,,,,0.19,-31.21-34.04,0,,Pending Validation,jthoroski,08/30/2023 10:24,,,,,Approve,,,0,,,ELA-pH,Lake Water,Checked,,Fisher Scientific Accumet pH meter,
QC2023082901,Ref Sample,1,pH,pH,6.643,SU,Unchecked,jthoroski,08/29/2023 00:00,,,1,,,95-105,,,,SU,Pending Validation,jthoroski,08/30/2023 10:24,,,,,Approve,,,0,,,ELA-pH,Lake Water,Checked,,Fisher Scientific Accumet pH meter,
QC2023083001,Instrument Duplicate,1,pH,pH,7.198,SU,Unchecked,jthoroski,08/30/2023 00:00,,,1,,,,1.48,-31.21-34.04,0,,Pending Validation,jthoroski,09/05/2023 14:36,,,,,Approve,,,0,,,ELA-pH,Lake Water,Checked,,Fisher Scientific Accumet pH meter,
QC2023083001,Ref Sample,1,pH,pH,6.671,SU,Unchecked,jthoroski,08/30/2023 00:00,,,1,,,95-105,,,,SU,Pending Validation,jthoroski,09/05/2023 14:36,,,,,Approve,,,0,,,ELA-pH,Lake Water,Checked,,Fisher Scientific Accumet pH meter,
QC2023091101,Instrument Duplicate,1,pH,pH,7.275,SU,Unchecked,jthoroski,09/05/2023 00:00,,,1,,,,0.59,-31.21-34.04,0,,Pending Validation,jthoroski,09/11/2023 09:09,,,,,Approve,,,0,,,ELA-pH,Lake Water,Checked,,Fisher Scientific Accumet pH meter,
QC2023091101,Ref Sample,1,pH,pH,6.456,SU,Unchecked,jthoroski,09/05/2023 00:00,,,1,,,95-105,,,,SU,Pending Validation,jthoroski,09/11/2023 09:09,,,,,Approve,,,0,,,ELA-pH,Lake Water,Checked,,Fisher Scientific Accumet pH meter,
QC2023091102,Instrument Duplicate,1,pH,pH,6.479,SU,Unchecked,jthoroski,09/06/2023 00:00,,,1,,,,0.08,-31.21-34.04,0,,Pending Validation,jthoroski,09/11/2023 09:25,,,,,Approve,,,0,,,ELA-pH,Lake Water,Checked,,Fisher Scientific Accumet pH meter,
QC2023091102,Ref Sample,1,pH,pH,6.585,SU,Unchecked,jthoroski,09/06/2023 00:00,,,1,,,95-105,,,,SU,Pending Validation,jthoroski,09/11/2023 09:25,,,,,Approve,,,0,,,ELA-pH,Lake Water,Checked,,Fisher Scientific Accumet pH meter,
QC2023091103,Instrument Duplicate,1,pH,pH,6.857,SU,Unchecked,jthoroski,07/12/2023 00:00,,,1,,,,0.10,-31.21-34.04,0,,Pending Validation,jthoroski,09/11/2023 09:41,,,,,Approve,,,0,,,ELA-pH,Lake Water,Checked,,Fisher Scientific Accumet pH meter,
QC2023091103,Ref Sample,1,pH,pH,6.730,SU,Unchecked,jthoroski,07/12/2023 00:00,,,1,,,95-105,,,,SU,Pending Validation,jthoroski,09/11/2023 09:41,,,,,Approve,,,0,,,ELA-pH,Lake Water,Checked,,Fisher Scientific Accumet pH meter,
QC2023091105,Instrument Duplicate,1,pH,pH,7.115,SU,Unchecked,jthoroski,09/11/2023 00:00,,,1,,,,0.28,-31.21-34.04,0,,Pending Validation,jthoroski,09/12/2023 08:53,,,,,Approve,,,0,,,ELA-pH,Lake Water,Checked,,Fisher Scientific Accumet pH meter,
QC2023091105,Ref Sample,1,pH,pH,6.483,SU,Unchecked,jthoroski,09/11/2023 00:00,,,1,,,95-105,,,,SU,Pending Validation,jthoroski,09/12/2023 08:53,,,,,Approve,,,0,,,ELA-pH,Lake Water,Checked,,Fisher Scientific Accumet pH meter,
QC2023091201,Instrument Duplicate,1,pH,pH,7.148,SU,Unchecked,jthoroski,09/12/2023 03:00,,,1,,,,0.00,-31.21-34.04,0,,Pending Validation,jthoroski,09/18/2023 09:54,,,,,Approve,,,0,,,ELA-pH,Lake Water,Checked,,Fisher Scientific Accumet pH meter,
QC2023091201,Ref Sample,1,pH,pH,6.538,SU,Unchecked,jthoroski,09/12/2023 00:00,,,1,,,95-105,,,,SU,Pending Validation,jthoroski,09/18/2023 09:54,,,,,Approve,,,0,,,ELA-pH,Lake Water,Checked,,Fisher Scientific Accumet pH meter,
QC2023091302,Instrument Duplicate,1,pH,pH,7.148,SU,Unchecked,jthoroski,09/13/2023 00:00,,,1,,,,0.42,-31.21-34.04,0,,Pending Validation,jthoroski,09/18/2023 09:44,,,,,Approve,,,0,,,ELA-pH,Lake Water,Checked,,Fisher Scientific Accumet pH meter,
QC2023091302,Ref Sample,1,pH,pH,6.599,SU,Unchecked,jthoroski,09/13/2023 00:00,,,1,,,95-105,,,,SU,Pending Validation,jthoroski,09/18/2023 09:44,,,,,Approve,,,0,,,ELA-pH,Lake Water,Checked,,Fisher Scientific Accumet pH meter,
QC2023091801,Instrument Duplicate,1,pH,pH,7.167,SU,Unchecked,jthoroski,09/18/2023 00:00,,,1,,,,1.42,-31.21-34.04,0,,Pending Validation,jthoroski,09/18/2023 17:23,,,,,Approve,,,0,,,ELA-pH,Lake Water,Checked,,Fisher Scientific Accumet pH meter,
QC2023091801,Ref Sample,1,pH,pH,6.486,SU,Unchecked,jthoroski,09/18/2023 00:00,,,1,,,95-105,,,,SU,Pending Validation,jthoroski,09/18/2023 17:23,,,,,Approve,,,0,,,ELA-pH,Lake Water,Checked,,Fisher Scientific Accumet pH meter,
QC2023091802,Instrument Duplicate,1,pH,pH,7.337,SU,Unchecked,jthoroski,08/28/2023 00:00,,,1,,,,0.44,-31.21-34.04,0,,Pending Validation,jthoroski,09/18/2023 11:36,,,,,Approve,,,0,,,ELA-pH,Precipitation,Checked,,Fisher Scientific Accumet pH meter,
QC2023091802,Ref Sample,1,pH,pH,6.596,SU,Unchecked,jthoroski,08/28/2023 00:00,,,1,,,95-105,,,,SU,Pending Validation,jthoroski,09/18/2023 11:36,,,,,Approve,,,0,,,ELA-pH,Precipitation,Checked,,Fisher Scientific Accumet pH meter,
QC2023091803,Instrument Duplicate,1,pH,pH,6.788,SU,Unchecked,jthoroski,08/23/2023 00:00,,,1,,,,0.07,-31.21-34.04,0,,Pending Validation,jthoroski,09/18/2023 11:40,,,,,Approve,,,0,,,ELA-pH,Lake Water,Checked,,Fisher Scientific Accumet pH meter,
QC2023091803,Ref Sample,1,pH,pH,6.650,SU,Unchecked,jthoroski,08/23/2023 00:00,,,1,,,95-105,,,,SU,Pending Validation,jthoroski,09/18/2023 11:40,,,,,Approve,,,0,,,ELA-pH,Lake Water,Checked,,Fisher Scientific Accumet pH meter,
QC2023091804,Instrument Duplicate,1,pH,pH,7.229,SU,Unchecked,jthoroski,08/08/2023 00:00,,,1,,,,0.12,-31.21-34.04,0,,Pending Validation,jthoroski,09/18/2023 11:44,,,,,Approve,,,0,,,ELA-pH,Lake Water,Checked,,Fisher Scientific Accumet pH meter,
QC2023091804,Instrument Duplicate,2,pH,pH,7.006,SU,Unchecked,jthoroski,08/08/2023 00:00,,,1,,,,0.40,-31.21-34.04,0,,Pending Validation,jthoroski,09/18/2023 11:44,,,,,Approve,,,0,,,ELA-pH,Lake Water,Checked,,Fisher Scientific Accumet pH meter,
QC2023091804,Ref Sample,1,pH,pH,6.632,SU,Unchecked,jthoroski,08/08/2023 00:00,,,1,,,95-105,,,,SU,Pending Validation,jthoroski,09/18/2023 11:44,,,,,Approve,,,0,,,ELA-pH,Lake Water,Checked,,Fisher Scientific Accumet pH meter,
QC2023091805,Instrument Duplicate,1,pH,pH,7.209,SU,Unchecked,jthoroski,07/24/2023 00:00,,,1,,,,0.01,-31.21-34.04,0,,Pending Validation,jthoroski,09/18/2023 11:53,,,,,Approve,,,0,,,ELA-pH,Lake Water,Checked,,Fisher Scientific Accumet pH meter,
QC2023091805,Ref Sample,1,pH,pH,6.559,SU,Unchecked,jthoroski,07/24/2023 00:00,,,1,,,95-105,,,,SU,Pending Validation,jthoroski,09/18/2023 11:53,,,,,Approve,,,0,,,ELA-pH,Lake Water,Checked,,Fisher Scientific Accumet pH meter,
QC2023091806,Instrument Duplicate,1,pH,pH,7.210,SU,Unchecked,jthoroski,06/14/2023 00:00,,,1,,,,0.14,-31.21-34.04,0,,Pending Validation,jthoroski,09/18/2023 12:01,,,,,Approve,,,0,,,ELA-pH,Lake Water,Checked,,Fisher Scientific Accumet pH meter,
QC2023091806,Ref Sample,1,pH,pH,6.809,SU,Unchecked,jthoroski,06/14/2023 00:00,,,1,,,95-105,,,,SU,Pending Validation,jthoroski,09/18/2023 12:01,,,,,Approve,,,0,,,ELA-pH,Lake Water,Checked,,Fisher Scientific Accumet pH meter,
QC2023091807,Instrument Duplicate,1,pH,pH,7.074,SU,Unchecked,jthoroski,06/12/2023 00:00,,,1,,,,0.20,-31.21-34.04,0,,Pending Validation,jthoroski,09/18/2023 13:21,,,,,Approve,,,0,,,ELA-pH,Lake Water,Checked,,Fisher Scientific Accumet pH meter,
QC2023091807,Instrument Duplicate,2,pH,pH,7.034,SU,Unchecked,jthoroski,06/12/2023 00:00,,,1,,,,,-31.21-34.04,0,,Pending Validation,jthoroski,09/18/2023 13:21,,,,,Approve,,,0,,,ELA-pH,Lake Water,Checked,,Fisher Scientific Accumet pH meter,
QC2023091807,Ref Sample,1,pH,pH,6.675,SU,Unchecked,jthoroski,06/12/2023 00:00,,,1,,,95-105,,,,SU,Pending Validation,jthoroski,09/18/2023 13:21,,,,,Approve,,,0,,,ELA-pH,Lake Water,Checked,,Fisher Scientific Accumet pH meter,
QC2023091808,Instrument Duplicate,1,pH,pH,7.104,SU,Unchecked,jthoroski,06/07/2023 00:00,,,1,,,,0.22,-31.21-34.04,0,,Pending Validation,jthoroski,09/18/2023 13:25,,,,,Approve,,,0,,,ELA-pH,Lake Water,Checked,,Fisher Scientific Accumet pH meter,
QC2023091808,Ref Sample,1,pH,pH,6.818,SU,Unchecked,jthoroski,06/07/2023 00:00,,,1,,,95-105,,,,SU,Pending Validation,jthoroski,09/18/2023 13:25,,,,,Approve,,,0,,,ELA-pH,Lake Water,Checked,,Fisher Scientific Accumet pH meter,
QC2023091809,Instrument Duplicate,1,pH,pH,6.335,SU,Unchecked,jthoroski,06/06/2023 00:00,,,1,,,,0.24,-31.21-34.04,0,,Pending Validation,jthoroski,09/18/2023 13:35,,,,,Approve,,,0,,,ELA-pH,Lake Water,Checked,,Fisher Scientific Accumet pH meter,
QC2023091809,Ref Sample,1,pH,pH,6.809,SU,Unchecked,jthoroski,06/06/2023 00:00,,,1,,,95-105,,,,SU,Pending Validation,jthoroski,09/18/2023 13:35,,,,,Approve,,,0,,,ELA-pH,Lake Water,Checked,,Fisher Scientific Accumet pH meter,
QC2023091810,Instrument Duplicate,1,pH,pH,7.149,SU,Unchecked,jthoroski,06/05/2023 00:00,,,1,,,,0.27,-31.21-34.04,0,,Pending Validation,jthoroski,09/18/2023 13:37,,,,,Approve,,,0,,,ELA-pH,Lake Water,Checked,,Fisher Scientific Accumet pH meter,
QC2023091810,Ref Sample,1,pH,pH,6.783,SU,Unchecked,jthoroski,06/05/2023 00:00,,,1,,,95-105,,,,SU,Pending Validation,jthoroski,09/18/2023 13:37,,,,,Approve,,,0,,,ELA-pH,Lake Water,Checked,,Fisher Scientific Accumet pH meter,
QC2023091903,Instrument Duplicate,1,pH,pH,6.466,SU,Unchecked,jthoroski,09/19/2023 00:00,,,1,,,,0.06,-31.21-34.04,0,,Pending Validation,jthoroski,09/20/2023 08:43,,,,,Approve,,,0,,,ELA-pH,Lake Water,Checked,,Fisher Scientific Accumet pH meter,
QC2023091903,Ref Sample,1,pH,pH,6.501,SU,Unchecked,jthoroski,09/19/2023 00:00,,,1,,,95-105,,,,SU,Pending Validation,jthoroski,09/20/2023 08:43,,,,,Approve,,,0,,,ELA-pH,Lake Water,Checked,,Fisher Scientific Accumet pH meter,
QC2023092001,Instrument Duplicate,1,pH,pH,,SU,Unchecked,,,,,1,,,,,-31.21-34.04,0,,Pending Entry,,,,,,,Approve,,,0,,,ELA-pH,Lake Water,Checked,,Fisher Scientific Accumet pH meter,
QC2023092001,Ref Sample,1,pH,pH,,SU,Unchecked,,,,,1,,,95-105,,,,SU,Pending Entry,,,,,,,Approve,,,0,,,ELA-pH,Lake Water,Checked,,Fisher Scientific Accumet pH meter,
QC2023092503,Instrument Duplicate,1,pH,pH,7.410,SU,Unchecked,jthoroski,09/25/2023 00:00,,,1,,,,1.11,-31.21-34.04,0,,Pending Validation,jthoroski,10/23/2023 10:44,,,,,Approve,,,0,,,ELA-pH,Lake Water,Checked,,Fisher Scientific Accumet pH meter,
QC2023092503,Ref Sample,1,pH,pH,6.446,SU,Unchecked,jthoroski,09/25/2023 00:00,,,1,,,95-105,,,,SU,Pending Validation,jthoroski,10/23/2023 10:44,,,,,Approve,,,0,,,ELA-pH,Lake Water,Checked,,Fisher Scientific Accumet pH meter,
QC2023092601,Instrument Duplicate,1,pH,pH,6.100,SU,Unchecked,jthoroski,09/26/2023 00:00,,,1,,,,0.39,-31.21-34.04,0,,Pending Validation,jthoroski,09/27/2023 15:07,,,,,Approve,,,0,,,ELA-pH,Lake Water,Checked,,Fisher Scientific Accumet pH meter,
QC2023092601,Ref Sample,1,pH,pH,6.392,SU,Unchecked,jthoroski,09/26/2023 00:00,,,1,,,95-105,,,,SU,Pending Validation,jthoroski,09/27/2023 15:07,,,,,Approve,,,0,,,ELA-pH,Lake Water,Checked,,Fisher Scientific Accumet pH meter,
QC2023092703,Instrument Duplicate,1,pH,pH,7.101,SU,Unchecked,bcooney,09/27/2023 00:00,,,1,,,,0.03,-31.21-34.04,0,,Pending Validation,jthoroski,09/28/2023 10:16,,,,,Approve,,,0,,,ELA-pH,Lake Water,Checked,,Fisher Scientific Accumet pH meter,
QC2023092703,Ref Sample,1,pH,pH,6.541,SU,Unchecked,bcooney,09/27/2023 00:00,,,1,,,95-105,,,,SU,Pending Validation,jthoroski,09/28/2023 10:16,,,,,Approve,,,0,,,ELA-pH,Lake Water,Checked,,Fisher Scientific Accumet pH meter,
QC2023100302,Instrument Duplicate,1,pH,pH,7.136,SU,Unchecked,jthoroski,10/03/2023 00:00,,,1,,,,0.13,-31.21-34.04,0,,Pending Validation,jthoroski,10/23/2023 09:08,,,,,Approve,,,0,,,ELA-pH,Lake Water,Checked,,Fisher Scientific Accumet pH meter,
QC2023100302,Ref Sample,1,pH,pH,6.630,SU,Unchecked,jthoroski,10/03/2023 00:00,,,1,,,95-105,,,,SU,Pending Validation,jthoroski,10/23/2023 09:08,,,,,Approve,,,0,,,ELA-pH,Lake Water,Checked,,Fisher Scientific Accumet pH meter,
QC2023100405,Instrument Duplicate,1,pH,pH,6.519,SU,Unchecked,jthoroski,10/04/2023 00:00,,,1,,,,0.17,-31.21-34.04,0,,Pending Validation,jthoroski,10/23/2023 10:15,,,,,Approve,,,0,,,ELA-pH,Lake Water,Checked,,Fisher Scientific Accumet pH meter,
QC2023100405,Instrument Duplicate,2,pH,pH,7.180,SU,Unchecked,jthoroski,10/04/2023 00:00,,,1,,,,0.51,-31.21-34.04,0,,Pending Validation,jthoroski,10/23/2023 10:15,,,,,Approve,,,0,,,ELA-pH,Lake Water,Checked,,Fisher Scientific Accumet pH meter,
QC2023100405,Ref Sample,1,pH,pH,6.629,SU,Unchecked,jthoroski,10/04/2023 00:00,,,1,,,95-105,,,,SU,Pending Validation,jthoroski,10/23/2023 10:15,,,,,Approve,,,0,,,ELA-pH,Lake Water,Checked,,Fisher Scientific Accumet pH meter,
QC2023101104,Instrument Duplicate,1,pH,pH,6.301,SU,Unchecked,jthoroski,10/10/2023 00:00,,,1,,,,0.21,-31.21-34.04,0,,Pending Validation,jthoroski,10/23/2023 10:19,,,,,Approve,,,0,,,ELA-pH,Lake Water,Checked,,Fisher Scientific Accumet pH meter,
QC2023101104,Instrument Duplicate,2,pH,pH,6.949,SU,Unchecked,jthoroski,10/10/2023 00:00,,,1,,,,0.37,-31.21-34.04,0,,Pending Validation,jthoroski,10/23/2023 10:19,,,,,Approve,,,0,,,ELA-pH,Lake Water,Checked,,Fisher Scientific Accumet pH meter,
QC2023101104,Ref Sample,1,pH,pH,6.509,SU,Unchecked,jthoroski,10/10/2023 00:00,,,1,,,95-105,,,,SU,Pending Validation,jthoroski,10/23/2023 10:19,,,,,Approve,,,0,,,ELA-pH,Lake Water,Checked,,Fisher Scientific Accumet pH meter,
QC2023101105,Instrument Duplicate,1,pH,pH,5.939,SU,Unchecked,jthoroski,10/11/2023 00:00,,,1,,,,0.34,-31.21-34.04,0,,Pending Validation,jthoroski,10/23/2023 10:28,,,,,Approve,,,0,,,ELA-pH,Lake Water,Checked,,Fisher Scientific Accumet pH meter,
QC2023101105,Ref Sample,1,pH,pH,6.518,SU,Unchecked,jthoroski,10/11/2023 00:00,,,1,,,95-105,,,,SU,Pending Validation,jthoroski,10/23/2023 10:28,,,,,Approve,,,0,,,ELA-pH,Lake Water,Checked,,Fisher Scientific Accumet pH meter,
QC2023101602,Instrument Duplicate,1,pH,pH,6.298,SU,Unchecked,jthoroski,10/16/2023 00:00,,,1,,,,0.38,-31.21-34.04,0,,Pending Validation,jthoroski,10/23/2023 10:32,,,,,Approve,,,0,,,ELA-pH,Stream Water,Checked,,Fisher Scientific Accumet pH meter,
QC2023102407,Instrument Duplicate,1,pH,pH,6.448,SU,Unchecked,jthoroski,10/24/2023 00:00,,,1,,,,0.06,-31.21-34.04,0,,Pending Validation,jthoroski,10/26/2023 15:55,,,,,Approve,,,0,,,ELA-pH,Stream Water,Checked,,Fisher Scientific Accumet pH meter,
QC2023102407,Ref Sample,1,pH,pH,6.599,SU,Unchecked,jthoroski,10/24/2023 00:00,,,1,,,95-105,,,,SU,Pending Validation,jthoroski,10/26/2023 15:55,,,,,Approve,,,0,,,ELA-pH,Stream Water,Checked,,Fisher Scientific Accumet pH meter,
QC2023103102,Instrument Duplicate,1,pH,pH,5.215,SU,Unchecked,jthoroski,10/30/2023 00:00,,,1,,,,0.13,-31.21-34.04,0,,Pending Validation,jthoroski,10/31/2023 10:30,,,,,Approve,,,0,,,ELA-pH,Lake Water,Checked,,Fisher Scientific Accumet pH meter,
QC2023103102,Ref Sample,1,pH,pH,6.419,SU,Unchecked,jthoroski,10/30/2023 00:00,,,1,,,95-105,,,,SU,Pending Validation,jthoroski,10/31/2023 10:30,,,,,Approve,,,0,,,ELA-pH,Lake Water,Checked,,Fisher Scientific Accumet pH meter,
QC2023103106,Instrument Duplicate,1,pH,pH,6.53,SU,Unchecked,jthoroski,10/31/2023 00:00,,,1,,,,1.08,-31.21-34.04,0,,Pending Validation,jthoroski,10/31/2023 18:41,,,,,Approve,,,0,,,ELA-pH,Lake Water,Checked,,Fisher Scientific Accumet pH meter,
QC2023103106,Ref Sample,1,pH,pH,6.69,SU,Unchecked,jthoroski,10/31/2023 00:00,,,1,,,95-105,,,,SU,Pending Validation,jthoroski,10/31/2023 18:41,,,,,Approve,,,0,,,ELA-pH,Lake Water,Checked,,Fisher Scientific Accumet pH meter,
QC2023110101,Instrument Duplicate,1,pH,pH,,SU,Unchecked,,,,,1,,,,,-31.21-34.04,0,,Pending Entry,,,,,,,Approve,,,0,,,ELA-pH,Lake Water,Checked,,Fisher Scientific Accumet pH meter,
QC2023110101,Ref Sample,1,pH,pH,,SU,Unchecked,,,,,1,,,95-105,,,,SU,Pending Entry,,,,,,,Approve,,,0,,,ELA-pH,Lake Water,Checked,,Fisher Scientific Accumet pH meter,
QC2023110201,Instrument Duplicate,1,pH,pH,6.82,SU,Unchecked,jthoroski,11/02/2023 00:00,,,1,,,,0.15,-31.21-34.04,0,,Pending Validation,jthoroski,11/03/2023 11:29,,,,,Approve,,,0,,,ELA-pH,Lake Water,Checked,,Fisher Scientific Accumet pH meter,
QC2023110201,Instrument Duplicate,2,pH,pH,6.69,SU,Unchecked,jthoroski,11/02/2023 00:00,,,1,,,,0.00,-31.21-34.04,0,,Pending Validation,jthoroski,11/03/2023 11:29,,,,,Approve,,,0,,,ELA-pH,Lake Water,Checked,,Fisher Scientific Accumet pH meter,
QC2023110201,Ref Sample,1,pH,pH,6.66,SU,Unchecked,jthoroski,11/02/2023 00:00,,,1,,,95-105,,,,SU,Pending Validation,jthoroski,11/03/2023 11:29,,,,,Approve,,,0,,,ELA-pH,Lake Water,Checked,,Fisher Scientific Accumet pH meter,
QC2023110301,Instrument Duplicate,1,pH,pH,6.48,SU,Unchecked,jthoroski,11/03/2023 00:00,,,1,,,,,-31.21-34.04,0,,Pending Validation,jthoroski,11/07/2023 08:44,,,,,Approve,,,0,,,ELA-pH,Lake Water,Checked,,Fisher Scientific Accumet pH meter,
QC2023110301,Ref Sample,1,pH,pH,6.71,SU,Unchecked,jthoroski,11/03/2023 00:00,,,1,,,95-105,,,,SU,Pending Validation,jthoroski,11/07/2023 08:44,,,,,Approve,,,0,,,ELA-pH,Lake Water,Checked,,Fisher Scientific Accumet pH meter,
QC2024010801,Instrument Duplicate,1,pH,pH,6.60,SU,Unchecked,pbulloch,01/08/2024 00:00,,,1,,,,0.15,,0,,Pending Validation,pbulloch,01/09/2024 09:35,,,,,Approve,,,0,,,ELA-pH,Lake Water,Checked,,Thermo Scientific Orion Star A211 pH Meter,
QC2024010801,Ref Sample,1,pH,pH,6.60,SU,Unchecked,pbulloch,01/08/2024 00:00,,,1,,,,,,,SU,Pending Validation,pbulloch,01/09/2024 09:35,,,,,Approve,,,0,,,ELA-pH,Lake Water,Checked,,Thermo Scientific Orion Star A211 pH Meter,
QC2024010902,Instrument Duplicate,1,pH,pH,6.75,SU,Unchecked,pbulloch,01/09/2024 00:00,,,1,,,,0.30,,0,,Pending Validation,pbulloch,01/09/2024 18:01,,,,,Approve,,,0,,,ELA-pH,Lake Water,Checked,,Thermo Scientific Orion Star A211 pH Meter,
QC2024010902,Instrument Duplicate,2,pH,pH,6.57,SU,Unchecked,pbulloch,01/09/2024 00:00,,,1,,,,0.00,,0,,Pending Validation,pbulloch,01/09/2024 18:01,,,,,Approve,,,0,,,ELA-pH,Lake Water,Checked,,Thermo Scientific Orion Star A211 pH Meter,
QC2024010902,Ref Sample,1,pH,pH,6.83,SU,Unchecked,pbulloch,01/09/2024 00:00,,,1,,,,,,,SU,Pending Validation,pbulloch,01/09/2024 18:01,,,,,Approve,,,0,,,ELA-pH,Lake Water,Checked,,Thermo Scientific Orion Star A211 pH Meter,
QC2024011003,Instrument Duplicate,1,pH,pH,6.48,SU,Unchecked,pbulloch,01/10/2024 00:00,,,1,,,,0.31,,0,,Pending Validation,pbulloch,01/10/2024 17:49,,,,,Approve,,,0,,,ELA-pH,Lake Water,Checked,,Thermo Scientific Orion Star A211 pH Meter,
QC2024011003,Instrument Duplicate,2,pH,pH,6.21,SU,Unchecked,pbulloch,01/10/2024 00:00,,,1,,,,0.16,,0,,Pending Validation,pbulloch,01/10/2024 17:49,,,,,Approve,,,0,,,ELA-pH,Lake Water,Checked,,Thermo Scientific Orion Star A211 pH Meter,
QC2024011003,Ref Sample,1,pH,pH,6.83,SU,Unchecked,pbulloch,01/10/2024 00:00,,,1,,,,,,,SU,Pending Validation,pbulloch,01/10/2024 17:49,,,,,Approve,,,0,,,ELA-pH,Lake Water,Checked,,Thermo Scientific Orion Star A211 pH Meter,
QC2024031801,Instrument Duplicate,1,pH,pH,6.47,SU,Unchecked,pbulloch,03/18/2024 00:00,,,1,,,,0.46,,0,,Pending Validation,pbulloch,03/20/2024 16:17,,,,,Approve,,,0,,,ELA-pH,Lake Water,Checked,,Thermo Scientific Orion Star A211 pH Meter,
QC2024031801,Ref Sample,1,pH,pH,6.66,SU,Unchecked,pbulloch,03/18/2024 00:00,,,1,,,,,,,SU,Pending Validation,pbulloch,03/20/2024 16:17,,,,,Approve,,,0,,,ELA-pH,Lake Water,Checked,,Thermo Scientific Orion Star A211 pH Meter,
QC2024031901,Instrument Duplicate,1,pH,pH,6.66,SU,Unchecked,pbulloch,03/19/2024 00:00,,,1,,,,0.15,,0,,Pending Validation,pbulloch,03/20/2024 16:14,,,,,Approve,,,0,,,ELA-pH,Lake Water,Checked,,Thermo Scientific Orion Star A211 pH Meter,
QC2024031901,Instrument Duplicate,2,pH,pH,6.08,SU,Unchecked,pbulloch,03/19/2024 00:00,,,1,,,,2.92,,0,,Pending Validation,pbulloch,03/20/2024 16:14,,,,,Approve,,,0,,,ELA-pH,Lake Water,Checked,,Thermo Scientific Orion Star A211 pH Meter,
QC2024031901,Ref Sample,1,pH,pH,6.56,SU,Unchecked,pbulloch,03/19/2024 00:00,,,1,,,,,,,SU,Pending Validation,pbulloch,03/20/2024 16:14,,,,,Approve,,,0,,,ELA-pH,Lake Water,Checked,,Thermo Scientific Orion Star A211 pH Meter,
QC2024032002,Instrument Duplicate,1,pH,pH,6.41,SU,Unchecked,pbulloch,03/20/2024 00:00,,,1,,,,0.16,,0,,Pending Validation,pbulloch,03/20/2024 16:39,,,,,Approve,,,0,,,ELA-pH,Lake Water,Checked,,Thermo Scientific Orion Star A211 pH Meter,
QC2024032002,Ref Sample,1,pH,pH,6.71,SU,Unchecked,pbulloch,03/20/2024 00:00,,,1,,,,,,,SU,Pending Validation,pbulloch,03/20/2024 16:39,,,,,Approve,,,0,,,ELA-pH,Lake Water,Checked,,Thermo Scientific Orion Star A211 pH Meter,
